Date,AQI,Rhumidity,Wind Speed
2018-05-22,3.1789,40.2917,9.4542
2018-05-21,3.041,50.7083,6.4208
2018-05-20,2.687,54.0833,9.4917
2018-05-19,2.9348,64,6.3708
2018-05-18,2.8941,64,10.4542
2018-05-17,2.4372,87.875,6.6318
2018-05-16,3.2366,36.2917,7.0083
2018-05-15,3.1461,26.0833,6.0583
2018-05-14,2.7309,32.75,8.3167
2018-05-13,2.9179,33.4583,13.6
2018-05-12,2.8207,42.5833,6.4208
2018-05-11,2.6814,64.9583,8.55
2018-05-10,2.367,82.5,14.1917
2018-05-09,2.483,66.5,8.7583
2018-05-08,3.1142,37.75,7.9292
2018-05-07,3.1662,34.875,8.1792
2018-05-06,2.7709,38.8333,6.6333
2018-05-05,2.8165,48.4167,7.8917
2018-05-04,2.6464,38.0833,4.8542
2018-05-03,3.2149,32.875,6.7208
2018-05-02,2.8167,45.625,10.1708
2018-05-01,3.2054,50.5417,10.0875
2018-04-30,2.7964,71.6667,7.1
2018-04-29,3.0808,75,5.4792
2018-04-28,3.0618,75,9.9292
2018-04-27,3.0563,31.625,10.9417
2018-04-26,2.9941,43.8333,12.2583
2018-04-25,3.4548,36.75,10.8292
2018-04-24,2.9227,39.375,4.5792
2018-04-23,2.8257,26.5,12.9292
2018-04-22,3.0136,43.0833,8.275
2018-04-21,2.8639,39.3333,10.0083
2018-04-20,2.9581,44.9167,6.5458
2018-04-19,2.7575,42.875,9.4333
2018-04-18,2.869,55.5833,9.5208
2018-04-17,2.7799,52.5,7.5958
2018-04-16,3.1606,81.375,7.8625
2018-04-15,3.732,91.4583,13.4208
2018-04-14,3.1442,64.4583,7.3917
2018-04-13,2.9803,57.9167,8.4208
2018-04-12,3.4246,72.75,8.1792
2018-04-11,3.7082,96,4.1
2018-04-10,2.8986,69.4583,8.9583
2018-04-09,3.1268,57.4583,6.7
2018-04-08,2.8268,64.6667,3.7917
2018-04-07,2.6027,80.7917,6.2542
2018-04-06,2.8729,86.2083,7.825
2018-04-05,3.0028,79.0417,6.4167
2018-04-04,3.4838,60.7083,6.0208
2018-04-03,2.8449,73.5,6.75
2018-03-31,2.9088,65.0833,4.9458
2018-03-30,3.0627,56.875,6.9958
2018-03-29,2.728,72.3333,12.2083
2018-03-28,2.9002,85.1667,7.225
2018-03-27,2.5625,87.4583,8.1708
2018-03-26,2.8213,75.0833,6.8083
2018-03-25,2.7572,55.2083,5.9458
2018-03-24,2.6685,37.0833,8.1042
2018-03-23,3.1175,45.9583,8.3083
2018-03-22,3.5014,64.4167,4.7292
2018-03-21,2.9469,51.9167,10.2542
2018-03-20,2.7031,88.75,12.4917
2018-03-19,2.7758,62.3333,8.3
2018-03-18,3.2269,53.7083,4.8917
2018-03-17,3.9732,72.25,10.0792
2018-03-16,3.3622,87.2083,3.6167
2018-03-15,3.8561,87.25,5.2792
2018-03-14,3.4116,82.4583,7.4
2018-03-13,2.7371,87.75,5.4125
2018-03-12,2.749,67.8333,6.2917
2018-03-11,2.8339,48.3333,4.2583
2018-03-10,2.8202,51.5417,4.0167
2018-03-09,3.2352,56.7083,6.4625
2018-03-08,4.598,63.5833,5.2583
2018-03-07,3.1751,71.2917,6.3792
2018-03-06,2.7204,79.0417,7.65
2018-03-05,2.5074,72,6.7
2018-03-04,2.4735,71.6667,6.6625
2018-03-03,2.6728,71.375,8.8708
2018-03-02,2.6398,75.8333,6.1708
2018-03-01,2.9343,77.6667,4.2792
2018-02-28,2.7361,87.9583,7.375
2018-02-27,2.7574,78.4583,6.6875
2018-02-26,2.6089,46.75,5.0542
2018-02-25,2.79,36.75,9.8083
2018-02-24,2.8564,43.625,6.0792
2018-02-23,2.7293,39.4583,4.6292
2018-02-22,2.6026,37.25,5.4042
2018-02-21,2.5006,57.0833,14.825
2018-02-20,2.4909,67.5833,8.925
2018-02-19,2.5085,58.0417,12.325
2018-02-18,2.7757,63.5,14.7375
2018-02-17,2.7264,64.75,12.4958
2018-02-16,2.6955,70.75,8.0083
2018-02-15,2.5934,78.2083,6.1375
2018-02-14,2.8605,52.7917,9.8125
2018-02-13,2.7697,63.5417,7.7083
2018-02-12,2.4669,64.6667,8.7583
2018-02-11,2.9192,44.875,4.1792
2018-02-10,2.6825,58.0417,9.4667
2018-02-09,2.4183,76.9583,8.0583
2018-02-08,2.7609,61,11.675
2018-02-07,2.4699,73.8333,13.6917
2018-02-06,2.2744,79.625,9.3042
2018-02-05,2.6396,79.625,4.6417
2018-02-04,2.0744,63.4583,8.0333
2018-02-03,2.1781,65.4583,8.6042
2018-02-02,3.0109,78.0833,4.5333
2018-02-01,2.1421,74.5,5.4583
2018-01-31,2.2088,80.6667,7.1833
2018-01-30,2.6635,77.2917,6.775
2018-01-29,2.7661,79.875,7.4375
2018-01-28,2.2789,54.7083,9.2667
2018-01-27,2.359,65.7083,5.2417
2018-01-26,2.4348,75.0833,4.6667
2018-01-25,3.0974,85.0417,5.975
2018-01-24,2.6691,72.3333,12.75
2018-01-23,2.535,84.0417,6.85
2018-01-22,2.4465,59.2917,7.5083
2018-01-21,2.7126,55.75,6.8417
2018-01-20,2.5404,42.625,4.8333
2018-01-19,2.582,53.9167,5.45
2018-01-18,2.8815,45.0417,4.8125
2018-01-17,2.8428,44.375,5.6708
2018-01-16,2.2759,56.6667,9.0708
2018-01-15,2.3953,44.0833,3.65
2018-01-14,2.3355,60.1667,7.3625
2018-01-13,2.4249,89.2917,8.4458
2018-01-12,2.9483,80.6667,11.4458
2018-01-11,2.5636,65.2917,8.3
2018-01-10,2.4253,74.0417,11.5792
2018-01-09,2.562,75.0417,8.4875
2018-01-08,2.864,70.1667,4.1083
2018-01-07,2.2648,79.875,5.9375
2018-01-06,2.542,56.7917,3.9917
2018-01-05,2.258,61.7917,4.9292
2018-01-04,2.2349,58.5417,7.3125
2018-01-03,2.3675,66.4167,11.3
2018-01-02,2.5387,69.5833,5.6625
2018-01-01,2.4892,66,5.0625
2017-12-31,2.3207,58.2917,9.1958
2017-12-30,2.1415,67.2917,8.9333
2017-12-29,2.066,73.0417,8.7625
2017-12-28,2.2483,72.4583,9.95
2017-12-27,2.2081,75.0417,10.4125
2017-12-26,2.2396,74.125,12.2833
2017-12-25,2.4437,72.875,5.9375
2017-12-24,2.4067,76.2917,6.8625
2017-12-23,2.397,75.9583,6.1875
2017-12-22,2.3434,77,6.5625
2017-12-21,2.4375,65.5417,7.8792
2017-12-20,2.3135,76.125,4.6292
2017-12-19,2.1334,75.5833,4.8542
2017-12-18,2.5532,82.625,6.7417
2017-12-17,2.6418,79.4583,11.7083
2017-12-16,2.311,68.4583,8.9417
2017-12-15,2.5004,39.7917,10.0042
2017-12-14,2.1174,53.125,5.9833
2017-12-13,1.9239,52.625,5.6042
2017-12-12,2.6017,58.4167,6.8875
2017-12-11,2.4589,58.1667,11.7625
2017-12-10,2.7417,31.6667,6.3583
2017-12-09,2.4769,46.6667,7.1125
2017-12-08,2.32,23.5,8.25
2017-12-07,2.283,26.9583,8.325
2017-12-06,2.0813,30.625,11.8042
2017-12-05,2.5136,43.2083,7.425
2017-12-04,2.1759,51.4583,10.175
2017-12-03,2.3231,38.875,12.775
2017-12-02,2.5385,50.625,12.4917
2017-12-01,2.4181,73.4583,13.6417
2017-11-30,2.4124,67.4583,10.5542
2017-11-29,2.5187,37.5,10.5458
2017-11-28,2.3991,38.375,7.85
2017-11-27,2.7303,35.25,6.8667
2017-11-26,2.2637,44.0833,5.275
2017-11-25,2.4381,40.1667,6.3
2017-11-24,2.5936,64.2083,12.775
2017-11-23,2.4885,51.0833,14.2917
2017-11-22,2.7656,44.1667,4.8125
2017-11-21,2.0405,68.5417,16.5333
2017-11-20,2.35,65.2083,10.0708
2017-11-19,2.8552,81.6667,7.9083
2017-11-18,2.7255,77.7083,10.7458
2017-11-17,2.7892,42.4583,12.7083
2017-11-16,2.5001,53.4583,3.4708
2017-11-15,3.1005,84.7917,6.6292
2017-11-14,3.0318,86,6.1917
2017-11-13,2.4665,93.7917,15.8958
2017-11-12,2.5052,86.1667,10.4667
2017-11-11,2.3542,62.8333,3.4958
2017-11-10,2.6268,63.2083,6.9458
2017-11-09,2.9504,76.2083,5.1417
2017-11-08,3.0043,90.4167,6.3542
2017-11-07,2.3296,85.1667,7.8292
2017-11-06,2.2158,78.8333,4.7333
2017-11-05,2.1637,62.5417,4.4833
2017-11-04,2.1264,68.875,4.2625
2017-11-03,2.2974,76.8333,7.625
2017-11-02,2.2062,80.4583,3.9
2017-11-01,1.8385,77.9167,5.4083
2017-10-31,2.2421,81.625,8.0292
2017-10-30,2.0239,76.5833,7.2625
2017-10-29,2.5264,59.9583,5.2625
2017-10-28,2.08,52,11.5333
2017-10-27,2.1137,53.4583,9.2208
2017-10-26,1.9859,49.5833,13.5125
2017-10-25,2.5666,46.875,6.9625
2017-10-24,2.6765,71.7917,5.7957
2017-10-23,2.6188,45.7083,18.0833
2017-10-22,2.6648,34.5417,10.6917
2017-10-21,2.2592,32,8.0042
2017-10-20,2.3607,41.5,6.7375
2017-10-19,2.1974,56.2917,15.7708
2017-10-18,2.6691,74.625,13.25
2017-10-17,2.5301,54.875,13.3542
2017-10-16,2.2126,39.2083,15.7125
2017-10-15,1.9323,52.2917,8
2017-10-14,2.1539,35.5652,10.0208
2017-10-13,1.9006,35.2083,10.3375
2017-10-12,1.6331,54.3333,6.55
2017-10-11,1.8508,74.5417,13.6625
2017-10-10,2.0033,75.0833,10.2
2017-10-09,2.3836,79.2917,12.1333
2017-10-08,2.3337,55.625,13.5833
2017-10-07,2.4624,42.4583,5.3167
2017-10-06,2.3968,53.9167,4.3833
2017-10-05,2.0095,42.8333,9.2042
2017-10-04,2.2607,39.7083,5.5875
2017-10-03,2.3096,58.4583,10.3167
2017-10-02,2.2644,50,11.0375
2017-10-01,2.3552,54.625,10.225
2017-09-30,2.7041,74.5417,12.1708
2017-09-29,2.4082,57.6667,6.6125
2017-09-28,2.1741,56.9167,7.6583
2017-09-27,2.2209,42.125,7.8792
2017-09-26,2.0585,51.3333,24.3522
2017-09-25,2.0362,53.2083,16.7792
2017-09-24,2.1579,50.9167,9.3792
2017-09-23,1.8636,52.2083,6.2708
2017-09-22,1.7975,56.0833,8.2458
2017-09-21,1.9777,68.9583,5.225
2017-09-20,2.1142,81.4583,6.25
2017-09-19,2.397,85.6667,5.9667
2017-09-18,2.9603,60.4583,4.0208
2017-09-17,2.3188,51.1667,4.85
2017-09-16,2.0991,45.25,4.8667
2017-09-15,1.9593,53.3333,12.4583
2017-09-14,1.8921,62.625,7.7375
2017-09-13,2.1164,80.25,9.1708
2017-09-12,2.5408,82.8333,8.5125
2017-09-11,2.5998,87.4583,5.3292
2017-09-10,2.7058,59.0833,5.7417
2017-09-09,3.6477,29.2917,3.8208
2017-09-08,4.8816,39.0417,4.7
2017-09-07,4.1598,58.4583,9.5583
2017-09-06,4.0734,50.625,6.9792
2017-09-05,2.8687,34,6.9417
2017-09-04,2.4008,35.7917,7.2458
2017-09-03,2.4331,45.9167,6.0292
2017-09-02,3.7765,57.0417,6.4167
2017-09-01,3.8378,65.5417,6.9875
2017-08-31,4.4182,43.25,5.5875
2017-08-30,4.6642,51.0833,4.9583
2017-08-29,2.3941,44.5417,4.7667
2017-08-28,2.5427,43.75,5.3208
2017-08-27,2.86,58.3333,8.8583
2017-08-26,2.621,42.9167,5.9125
2017-08-25,2.4028,32.3333,7.1167
2017-08-24,2.8347,33.6667,7.8208
2017-08-23,2.6441,48.5,3.8667
2017-08-22,2.3643,52.375,7.4833
2017-08-21,2.5421,42.0833,6.0667
2017-08-20,2.9003,45.7917,6.0667
2017-08-19,2.5903,53.7917,3.9958
2017-08-18,3.2727,49.875,8.8458
2017-08-17,3.862,46.6667,5.8
2017-08-16,3.5498,46.1667,6.0167
2017-08-15,3.5541,50.7391,5.2083
2017-08-14,4.0519,46,5.3708
2017-08-13,4.0279,57.25,7.0792
2017-08-12,3.1712,84,9.175
2017-08-11,3.0485,53.5833,5.2783
2017-08-10,2.9657,48.0833,5.5792
2017-08-09,2.7505,50.8333,5.3652
2017-08-08,2.6527,55.125,5.6632
2017-08-07,2.7651,56.5833,7.8125
2017-08-06,2.5393,69.4167,6.75
2017-08-05,2.2329,62.625,4.1458
2017-08-04,2.6687,56.6667,5.3625
2017-08-03,2.4726,71.0417,5.4292
2017-08-02,2.3117,66.4583,3.4625
2017-08-01,2.5162,52.375,6.2208
2017-07-31,4.1514,67.2083,5.225
2017-07-30,3.6587,70,4.0391
2017-07-29,2.8938,63.75,15.9043
2017-07-28,2.904,53.9167,6.3043
2017-07-27,3.3367,54.125,6.4167
2017-07-26,2.6542,51.125,5.725
2017-07-25,2.3758,37.7917,4.9
2017-07-24,2.3407,42.375,7.9208
2017-07-23,2.4084,52.375,5.4958
2017-07-22,2.3033,57.1667,7.5708
2017-07-21,2.6955,46.7917,9.35
2017-07-20,3.6017,44.5,4.8542
2017-07-19,4.1524,40.375,5.9875
2017-07-18,2.5355,47.9167,8.5417
2017-07-17,3.8516,50.4583,9.4167
2017-07-16,3.5865,50.125,7.6958
2017-07-15,2.8797,52.875,10.5333
2017-07-14,3.5524,53.2083,10.7458
2017-07-13,3.2752,47.5417,5.9792
2017-07-12,3.0865,51.5833,4.1167
2017-07-11,2.616,47.2083,4.95
2017-07-10,2.8359,69.3333,7.6667
2017-07-09,3.3774,81.5417,9.0542
2017-07-08,3.4386,75.3333,8.3583
2017-07-07,3.092,55.8333,6.7875
2017-07-06,3.1858,55.9167,6.0958
2017-07-05,2.9463,44.25,7.6917
2017-07-04,2.565,46.25,7.1292
2017-07-03,2.8917,46.375,5.0333
2017-07-02,2.746,59.5833,7.425
2017-07-01,2.6716,63.25,6.6375
2017-06-30,2.7418,56.4167,4.0833
2017-06-29,2.6666,63.0833,7.9875
2017-06-28,2.4067,46.875,7.4042
2017-06-27,3.0792,57.4167,7.9958
2017-06-26,2.6829,60.6667,6.325
2017-06-25,2.6849,49.875,6.9208
2017-06-24,2.6419,44.9167,7.3292
2017-06-23,2.5635,50.625,6.3667
2017-06-22,2.5284,51.5,10.0208
2017-06-21,3.151,54.875,8.075
2017-06-20,2.8908,46.3333,8.8
2017-06-19,2.6728,44.4167,8.6542
2017-06-18,2.942,41.2083,5.1292
2017-06-17,2.5882,51.2917,7.1083
2017-06-16,2.3077,42.2083,12.5458
2017-06-15,2.5903,53.75,11.55
2017-06-14,2.3527,46.625,11.1167
2017-06-13,2.2844,46.7917,7.9125
2017-06-12,2.6396,74.5417,11.4875
2017-06-11,2.4748,74.2083,6.5792
2017-06-10,2.5222,56.5,10.65
2017-06-09,2.8667,54.5833,6.9417
2017-06-08,2.7979,73.7917,8.7708
2017-06-07,3.0004,57.6667,10.6818
2017-06-06,2.835,59.5417,7.3
2017-06-05,2.9286,49.25,7.125
2017-06-04,3.1365,53.0417,10.675
2017-06-03,3.1384,59.6667,11.2125
2017-06-02,3.1157,52.4583,7.7292
2017-06-01,3.087,33.875,6.9958
2017-05-31,2.9159,37.7917,9.6208
2017-05-30,2.7944,49.0417,9.2583
2017-05-29,3.0056,45,7.85
2017-05-28,3.0155,48.7083,7.1
2017-05-27,2.6893,42.875,16.4375
2017-05-26,2.3443,45.375,6.6542
2017-05-25,2.4913,38.9167,8.0333
2017-05-24,3.0341,48,7.1125
2017-05-23,2.7966,60.4583,6.4875
2017-05-22,3.2398,67.625,4.5667
2017-05-21,2.9836,35.75,8.5667
2017-05-20,2.8436,35.0833,8.8875
2017-05-19,2.5099,36.3333,19.1542
2017-05-18,2.3793,44.7917,20.4
2017-05-17,1.7434,52.0417,10.2042
2017-05-16,2.5024,57.7083,7.0042
2017-05-15,2.7223,82.8571,8.9167
2017-05-14,2.6584,68.7917,6.6375
2017-05-13,2.9657,51.625,5.7542
2017-05-12,2.7704,57.9167,5.6583
2017-05-11,2.6777,55.4167,6.5
2017-05-10,2.7802,58.6667,6.7375
2017-05-09,3.1491,51.7083,6.9542
2017-05-08,2.8752,46.4583,5.6083
2017-05-07,3.1019,47.5417,9.5667
2017-05-06,2.6501,41.375,8.0542
2017-05-05,2.4043,63.625,8.4917
2017-05-04,2.4752,50.3333,4.4208
2017-05-03,2.7566,47.2083,7.4417
2017-05-02,2.6512,37.2083,7.1875
2017-05-01,2.8213,45.2917,9.0417
2017-04-30,3.0304,53.9167,10.2333
2017-04-29,2.8525,48.8333,8.2
2017-04-28,2.7718,55.2917,7.2333
2017-04-27,2.5024,54.6667,8.975
2017-04-26,2.2066,71.9167,7.0875
2017-04-25,2.6006,78,6.525
2017-04-24,2.0792,85.0833,8.975
2017-04-23,2.2025,85.0833,6.4417
2017-04-22,2.5056,92.9583,5.925
2017-04-21,3.0693,86.0833,4.3
2017-04-20,3.1617,71.6667,5.9333
2017-04-19,2.792,71.375,7.0583
2017-04-18,2.3892,52.375,5.1042
2017-04-17,2.5028,64.8333,5.1625
2017-04-16,2.7924,66.875,6.1792
2017-04-15,2.4537,54.625,7.7958
2017-04-14,2.4686,66,7.6583
2017-04-13,2.1176,83.4583,5.6792
2017-04-12,2.0572,69.625,5.2083
2017-04-11,2.7815,92.9167,6.35
2017-04-10,2.9271,74.2083,9.4125
2017-04-09,2.5387,74.75,6.6333
2017-04-08,2.8585,54.7083,9.7375
2017-04-07,2.5598,82.5,5.5458
2017-04-06,2.8968,57.75,5.2042
2017-04-05,2.6185,65.2083,6.6583
2017-04-04,2.669,42.125,8.9583
2017-04-03,2.8022,43.2273,6.1458
2017-04-02,2.5594,49.1667,7.1792
2017-04-01,2.6477,62.4167,4.45
2017-03-31,2.5668,91.75,8.6125
2017-03-30,2.5753,55.9167,5.8542
2017-03-29,2.667,61.625,7.9208
2017-03-28,2.7652,69.5417,8.7958
2017-03-27,2.6955,53.875,5.5167
2017-03-26,2.8731,50.8333,9.4458
2017-03-25,3.0677,55.5,8.3375
2017-03-24,2.7943,43.4167,10.8333
2017-03-23,2.6022,40.9583,6.8542
2017-03-22,2.4212,64.1667,8.3708
2017-03-21,2.4218,60.7083,4.6083
2017-03-20,2.7718,62.8333,7.2958
2017-03-19,3.1019,74.7917,12.125
2017-03-18,2.603,64.2917,7.375
2017-03-17,2.6762,49.75,9.1292
2017-03-16,2.9961,68.2083,9.4083
2017-03-15,2.4975,69.2917,12.4208
2017-03-14,2.5165,77.3333,7.9625
2017-03-13,2.5545,68.3913,11.6833
2017-03-12,2.6027,73.7083,14.5625
2017-03-11,2.3832,67.1667,5.65
2017-03-10,2.3529,78.75,7.4792
2017-03-09,2.3197,84.2083,5.3958
2017-03-08,2.3593,79.5833,5.025
2017-03-07,2.329,77.2083,7.6417
2017-03-06,2.3119,81.9583,6.925
2017-03-05,2.1284,75.7917,6.4167
2017-03-04,2.3616,79,5.8625
2017-03-03,2.8135,86.0833,5.9083
2017-03-02,2.3556,86.1667,6.7167
2017-03-01,2.7184,53.5833,6.4458
2017-02-28,2.4201,72.9583,4.6833
2017-02-27,2.4026,72.2083,4.425
2017-02-26,2.8688,73.4583,7.05
2017-02-25,2.43,75.3333,12.3833
2017-02-24,2.3657,80.375,4.9167
2017-02-23,2.3441,81.75,6.2583
2017-02-22,2.6667,89.5833,6.3708
2017-02-21,2.8668,86.3333,4.1375
2017-02-20,2.4457,88.1667,7.6583
2017-02-19,2.2539,90.7917,5.8542
2017-02-18,2.1357,91.0417,6.95
2017-02-17,2.9469,92.75,5.6083
2017-02-16,2.5965,89.5833,5.9167
2017-02-15,2.3251,51.2083,3.7
2017-02-14,2.7066,60.9167,3.7542
2017-02-13,2.7293,55.5,3.4083
2017-02-12,3.2628,59.9167,4.8542
2017-02-11,2.9678,55.9167,7.5917
2017-02-10,2.6977,43.375,6.075
2017-02-09,3.1413,57.25,5.2917
2017-02-08,2.8504,73.2917,5.4292
2017-02-07,2.1737,79.5,8.5792
2017-02-06,2.1705,71.5833,16
2017-02-05,2.1249,75.1667,11.9042
2017-02-04,1.8007,81,6.1333
2017-02-03,2.3757,84.7917,3.4917
2017-02-02,2.4047,80.25,7.7167
2017-02-01,2.5319,79.4583,6.4917
2017-01-31,2.6687,65.4167,5.1917
2017-01-30,2.8213,79.125,4.1792
2017-01-29,3.2708,63,4.8833
2017-01-28,3.0977,54.125,7.8833
2017-01-27,2.5734,33.6667,7.075
2017-01-26,2.4513,41.5833,8.3333
2017-01-25,2.1639,54.5652,10.6583
2017-01-24,2.4071,61.4167,9.6333
2017-01-23,3.1605,66.15,15.85
2017-01-22,2.8954,85.2917,13.5833
2017-01-21,2.3222,96.5833,11.3217
2017-01-20,2.6865,98.4167,10.6292
2017-01-19,2.5934,76.375,6.58
2017-01-18,2.6984,60.4583,5.2125
2017-01-17,2.674,61.0417,3.3833
2017-01-16,2.5922,71.25,3.1875
2017-01-15,2.8626,60.0833,7.4
2017-01-14,2.7223,61.3333,5.4083
2017-01-13,2.5794,53.9583,6.2958
2017-01-12,2.3632,57.7083,3.6792
2017-01-11,2.2357,58.9583,4.3833
2017-01-10,2.4096,75.2174,6.7625
2017-01-09,2.0204,72.9167,11.5
2017-01-08,2.2491,81.6667,10.0083
2017-01-07,2.7896,79.1667,6.425
2017-01-06,2.6013,85.5417,6.9391
2017-01-05,2.2033,87.5,10.9042
2017-01-04,2.2291,91.2083,5.975
2017-01-03,2.0983,84,7.9375
2017-01-02,2.1064,73.9167,6.3917
2017-01-01,2.556,78.7917,8.0833
2016-12-31,2.4162,85.1667,6.3833
2016-12-30,2.4488,86.8333,6.1375
2016-12-29,2.4465,85.2917,11.4458
2016-12-28,2.8461,77.0833,8.7333
2016-12-27,2.7058,61.8333,6.5292
2016-12-26,2.5254,46.5833,7.9625
2016-12-25,2.1551,50.5,3.975
2016-12-24,2.1654,73.0833,6.2208
2016-12-23,2.3246,85.7083,5.6583
2016-12-22,2.843,91.3333,16.4833
2016-12-21,2.62,90.0833,14.5917
2016-12-20,2.587,38.4167,6.3042
2016-12-19,3.0194,41.3333,5.2958
2016-12-18,2.9533,49.125,5.0833
2016-12-17,2.4455,41.2917,4.7792
2016-12-16,2.689,48.5417,10.7667
2016-12-15,2.2188,62.9167,9.3708
2016-12-14,2.3943,80.1667,8.6083
2016-12-13,2.3451,82.2083,24.4292
2016-12-12,2.0741,68,17.95
2016-12-11,2.2963,71.1667,8.1292
2016-12-10,2.0723,79.6667,6.3333
2016-12-09,2.2622,78.125,7.8667
2016-12-08,2.1775,87.3333,7.6458
2016-12-07,2.1904,84.4583,9.3125
2016-12-06,2.3325,83.625,7.8125
2016-12-05,2.2644,77.5,7.4083
2016-12-04,2.4684,70.875,5.0167
2016-12-03,2.3345,76.0833,7.5583
2016-12-02,2.1786,85.0833,6.0875
2016-12-01,2.0454,53.0417,7.3417
2016-11-30,2.4854,75.5417,11.8583
2016-11-29,2.1809,91.4583,10.1958
2016-11-28,2.094,94.7083,7.0833
2016-11-27,2.3049,71.8333,9.8292
2016-11-26,2.3219,82.25,8.2833
2016-11-25,2.5394,75.8333,6.2292
2016-11-24,2.5022,78.125,3.7042
2016-11-23,2.3382,50.0833,5.7708
2016-11-22,2.2576,53.1667,5.35
2016-11-21,1.8351,87.25,5.4667
2016-11-20,2.0398,88,4.4583
2016-11-19,1.8257,66.2727,11.8583
2016-11-18,2.2845,90.0833,6.775
2016-11-17,1.7701,96.1667,3.4958
2016-11-16,2.1722,95.0417,3.0958
2016-11-15,2.2124,93.4762,9.8227
2016-11-14,2.4513,89.2917,3.0875
2016-11-13,2.3917,91.5,5.2167
2016-11-12,2.3224,60.9167,7.3792
2016-11-11,2.4594,59.2083,6.019
2016-11-10,2.0311,61.9167,5.7792
2016-11-09,2.1699,66.7083,4.4708
2016-11-08,2.2873,79.8333,9.1708
2016-11-07,2.1394,63.2917,5.5375
2016-11-06,2.0222,55.375,6.5375
2016-11-05,2.292,65.7273,3.6625
2016-11-04,2.4812,77.6957,6.5333
2016-11-03,2.4098,49.3333,4.9833
2016-11-02,2.1726,45.25,6.1208
2016-11-01,2.1849,50.6667,4.2591
2016-10-31,1.9398,65.25,5.6261
2016-10-30,2.1111,86.5833,6.3125
2016-10-29,1.8051,88,4.8833
2016-10-28,1.7564,65.0833,6.9208
2016-10-27,2.261,98.0417,4.575
2016-10-26,2.1959,98.3333,4.6333
2016-10-25,1.8715,74.8333,3.4417
2016-10-24,2.0226,76.5417,6.6167
2016-10-23,2.1171,81.8333,5.1792
2016-10-22,2.2856,84.0833,3.8375
2016-10-21,2.4168,67.125,8.2875
2016-10-20,2.1249,54.5833,3.7667
2016-10-19,1.9837,53.4167,5.7792
2016-10-18,1.6213,60.8333,3.975
2016-10-17,1.6523,71.4583,4.9167
2016-10-16,2.0297,97.5417,8.4333
2016-10-15,1.7708,93.6667,3.9542
2016-10-14,2.0837,71.2083,6.2542
2016-10-13,2.4131,89.875,7.7292
2016-10-12,2.1324,91.5417,4.0708
2016-10-11,2.0021,75.0833,3.55
2016-10-10,1.8376,61.5833,7.7417
2016-10-09,1.6076,76.1667,5.1625
2016-10-08,1.4496,89.125,4.7958
2016-10-07,1.8228,86.5833,2.15
2016-10-06,1.9516,100,6.1583
2016-10-05,2.0683,89.75,3.9708
2016-10-04,2.1329,68.5833,4.8917
2016-10-03,2.0173,77.9583,9.4
2016-10-02,2.3038,75.9583,6.3292
2016-10-01,1.7181,68.4583,9.35
2016-09-30,2.1915,75.2083,4.6375
2016-09-29,1.8812,94.0417,9.2
2016-09-28,2.1809,87.875,5.5542
2016-09-27,2.257,79.6667,6.6
2016-09-26,2.1763,67.3333,4.6542
2016-09-25,2.1763,65.3333,4.8042
2016-09-24,2.3032,52.8333,4.9375
2016-09-23,1.9482,56.7083,3.8375
2016-09-22,2.0545,59.5417,8.2208
2016-09-21,1.8833,78.6667,8.2958
2016-09-20,1.7584,89.9583,4.35
2016-09-19,2.1714,79.7917,7.7792
2016-09-18,2.442,91.7083,7.2958
2016-09-17,2.2081,55,6.5292
2016-09-16,1.9428,55.5,3.2565
2016-09-15,2.0688,48.2917,4.3708
2016-09-14,1.8148,54.0417,8.0958
2016-09-13,2.1728,56.7917,4.8042
2016-09-12,2.0579,55.2917,10.3542
2016-09-11,2.0544,59.0833,6.9875
2016-09-10,2.254,71.375,6.9042
2016-09-09,1.8341,90.125,6.1375
2016-09-08,1.9102,54.0833,7.175
2016-09-07,1.8271,64.125,7.2125
2016-09-06,1.7215,74.7917,5.5375
2016-09-05,1.9144,63.2917,13.5625
2016-09-04,1.6353,83.7917,10.2333
2016-09-03,1.9732,84.2083,6.6417
2016-09-02,2.2208,79.9583,9.875
2016-09-01,2.7902,70.9583,8.1792
2016-08-31,2.4822,84.4583,4.4875
2016-08-30,2.2905,52.5,5.2542
2016-08-29,1.9845,63.25,6.3292
2016-08-28,1.9944,71.625,6.4125
2016-08-27,1.9273,71.0833,5.6958
2016-08-26,2.061,74.5417,7.0708
2016-08-25,2.0843,75.75,4.75
2016-08-24,1.9929,68.75,5.9833
2016-08-23,2.231,78.6667,5.4458
2016-08-22,2.3179,66.9091,7.825
2016-08-21,2.5163,75.7083,6.3458
2016-08-20,2.175,72.75,6.3833
2016-08-19,1.9227,63.0833,9.8458
2016-08-18,1.9816,56.375,6.3136
2016-08-17,2.293,66.0417,20.475
2016-08-16,2.7653,69.5833,16.0792
2016-08-15,2.2845,72.2917,6.0333
2016-08-14,2.496,63.9167,6.0792
2016-08-13,2.2242,64.9583,6.9167
2016-08-12,2.0373,68.75,6.5917
2016-08-11,1.8888,67.8333,4.8833
2016-08-10,1.9454,71.9167,5.1625
2016-08-09,2.444,79.6667,4.5917
2016-08-08,2.3942,86.7083,5.6375
2016-08-07,2.6144,72.9167,4.8792
2016-08-06,2.2286,76.875,5.9042
2016-08-05,2.5303,86.5833,6.6783
2016-08-04,2.3592,90.7083,7.3542
2016-08-03,2.5603,69.75,5.2625
2016-08-02,2.3135,67.7083,3.2833
2016-08-01,2.0733,87.9583,4.7833
2016-07-31,1.1919,72.375,3.8167
2016-07-30,1.3676,67.25,7.7167
2016-07-29,1.3431,80.375,5.9333
2016-07-28,1.6495,75.875,8.3667
2016-07-27,1.5147,64.9583,6.7542
2016-07-26,1.5596,75.5417,5.5167
2016-07-25,1.4411,65.9583,5.5167
2016-07-24,1.3635,74.8333,8.7958
2016-07-23,1.3349,70.25,8.1167
2016-07-22,1.5147,56.8333,5.7792
2016-07-21,1.2818,57.3333,5.2458
2016-07-20,1.1715,65.8333,5.925
2016-07-19,1.1593,44.2917,6.7708
2016-07-18,1.4411,42,7.2208
2016-07-17,1.5432,48,7.3708
2016-07-16,1.1151,79.6667,5.3417
2016-07-15,1.2098,85.9167,8.0333
2016-07-14,1.3257,92.0417,12.4708
2016-07-13,1.2777,97.0417,10.7583
2016-07-12,1.3839,84.2083,6.2417
2016-07-11,1.2859,81.875,7.8167
2016-07-10,1.3327,79.0833,7.9333
2016-07-09,1.7148,84.5833,4.7417
2016-07-08,1.2009,77.25,5.6583
2016-07-07,1.5596,81.375,7.3292
2016-07-06,1.1879,48.9167,9.1125
2016-07-05,1.12,60.4583,11.1417
2016-07-04,1.1878,71.0417,8.55
2016-07-03,1.3717,75,4.5208
2016-07-02,1.5024,73.4167,5.8208
2016-07-01,1.5065,72.2083,6.1625
2016-06-30,3.0384,74.1667,7.55
2016-06-29,2.8157,72.2917,7.0667
2016-06-28,2.5005,71.7083,4.7625
2016-06-27,2.3918,65.0417,8.2792
2016-06-26,2.4191,66.9167,6.1875
2016-06-25,2.3221,57,5.5167
2016-06-24,2.5004,65.7083,5.7417
2016-06-23,3.1235,81.2917,6.2542
2016-06-22,2.5614,76.125,4.2125
2016-06-21,2.805,53.5833,6.875
2016-06-20,2.9277,53.7917,6.1083
2016-06-19,2.5816,55.0417,10.6333
2016-06-18,2.7885,43.625,6.0542
2016-06-17,3.042,57.9167,7.1125
2016-06-16,2.941,44.625,6.3875
2016-06-15,3.0379,31.5,9.3333
2016-06-14,3.007,34.0417,6.5458
2016-06-13,3.0851,31.625,10.4208
2016-06-12,2.6749,51.9583,5.6417
2016-06-11,2.8683,43.75,11.5333
2016-06-10,2.7858,39.8333,11.3625
2016-06-09,3.3385,60.0833,12.9292
2016-06-08,3.3058,79.7083,10.0042
2016-06-07,4.0293,42.375,8.9458
2016-06-06,3.1381,52.5833,16.2
2016-06-05,3.7892,47.8333,11.5792
2016-06-04,2.931,47.9583,6.2125
2016-06-03,3.2865,47.7917,11.5708
2016-06-02,2.8389,39.25,9.0833
2016-06-01,2.3942,44.5833,6.9417
2016-05-31,2.4119,52.5417,6.6208
2016-05-30,2.5697,58.875,6.6042
2016-05-29,2.8949,58.9167,6.8292
2016-05-28,2.5391,69.8333,8.2458
2016-05-27,2.6976,56.625,12.1875
2016-05-26,2.5958,64.0417,5.7042
2016-05-25,2.9264,85.7917,5.9
2016-05-24,2.7032,76,14.1917
2016-05-23,2.5255,67.9583,8.0625
2016-05-22,1.7285,66.5417,5.0917
2016-05-21,1.8391,84.6667,6.5792
2016-05-20,1.723,94.0417,5.2708
2016-05-19,2.2025,90.375,5.1583
2016-05-18,2.6877,78.25,5.1417
2016-05-17,3.0438,83.6667,13.4792
2016-05-16,2.9467,48.4583,12.3625
2016-05-15,3.4168,42.5,9.4708
2016-05-14,3.2603,45.0833,12.4292
2016-05-13,2.7192,46.5833,10.3875
2016-05-12,2.6322,55.6667,5.4458
2016-05-11,2.7759,65.0417,7.8125
2016-05-10,2.6856,88.5833,10.8458
2016-05-09,2.7656,45.1667,7.65
2016-05-08,2.8234,46.9583,6.7042
2016-05-07,2.8614,55.25,4.7417
2016-05-06,2.8312,57.6667,5.6792
2016-05-05,2.8746,37.625,7.3625
2016-05-04,3.1057,53.7917,10.1
2016-05-03,3.1694,70.4583,15.0833
2016-05-02,2.828,32.4167,9.3125
2016-05-01,2.7613,32.0833,8.5083
2016-04-30,2.4674,38.125,7.7458
2016-04-29,2.7044,48.4167,9.3
2016-04-28,2.7388,59.375,9.4625
2016-04-27,2.5986,62.2083,7.4
2016-04-26,2.2521,70.1667,8.1667
2016-04-25,1.6283,73,5.9583
2016-04-24,1.9736,78.2917,3.4875
2016-04-23,2.2355,92.5,10.6792
2016-04-22,2.5676,93.125,12.8667
2016-04-21,2.6565,81.625,7.9917
2016-04-20,3.3889,55.625,5.7292
2016-04-19,3.0502,38.875,4.0458
2016-04-18,3.0357,27.5417,4.9542
2016-04-17,3.2018,28.4583,4.5625
2016-04-16,3.0821,36.0833,7.0125
2016-04-15,2.8242,38,7.9375
2016-04-14,2.9165,43.125,8.3208
2016-04-13,3.3362,55.9583,6.9625
2016-04-12,2.8246,68.2083,10.4833
2016-04-11,2.5821,34.0833,7.3333
2016-04-10,2.6563,47.3333,5.7958
2016-04-09,3.0544,50.5,8.4375
2016-04-08,2.8417,54.75,4.9167
2016-04-07,2.9967,50.5,9.5833
2016-04-06,3.0125,37.875,9.3458
2016-04-05,2.9389,35.8333,7.4458
2016-04-04,2.3613,37.1667,5.25
2016-04-03,2.9245,50.4583,15.5042
2016-04-02,2.6386,57.6667,10.6208
2016-04-01,2.529,43.5833,5.2833
2016-03-31,2.5491,40.0833,14.6875
2016-03-30,2.3754,45.5,17.5667
2016-03-29,2.7594,76.5,6.5583
2016-03-28,2.8399,60.8333,6.5583
2016-03-27,2.645,49.5,14.6083
2016-03-26,2.3153,65.2917,7.1833
2016-03-25,2.3647,46.9167,7.3958
2016-03-24,2.5672,56.4583,12.95
2016-03-23,2.6633,78.625,6.9833
2016-03-22,2.1633,65.8333,13.3792
2016-03-21,2.0916,62.25,5.8167
2016-03-20,2.585,79.875,7.0083
2016-03-19,2.3588,76.4583,3.5833
2016-03-18,2.3481,35.9583,7.1875
2016-03-17,2.4492,49.5,6.5625
2016-03-16,2.7574,62,4.7333
2016-03-15,2.5323,72.1364,5.525
2016-03-14,2.5054,44.5833,5.725
2016-03-13,2.9739,74.5,4.7625
2016-03-12,2.4459,68.5,7.225
2016-03-11,2.8374,41.4583,10.8545
2016-03-10,2.8472,47.8333,10.175
2016-03-09,2.4138,32,7.5167
2016-03-08,2.599,50.3333,6.9958
2016-03-07,2.6522,55.5,11.2727
2016-03-06,2.5087,60.625,6.8708
2016-03-05,2.4108,44.1667,8.9875
2016-03-04,2.6357,69.5833,15.0792
2016-03-03,2.3865,55.1667,7.05
2016-03-02,2.017,56.8333,7.2292
2016-03-01,1.9691,68.625,7.1292
2016-02-29,2.2665,93.5417,5.1417
2016-02-28,2.1065,70.375,8.6083
2016-02-27,2.6276,90.75,3.4917
2016-02-26,2.8585,76.9167,9.8167
2016-02-25,2.6283,71.2083,6.4292
2016-02-24,2.2118,36.5,5.7583
2016-02-23,2.3184,47.625,5.5792
2016-02-22,2.4542,60.2083,6.7417
2016-02-21,2.519,54.9583,9.7417
2016-02-20,2.2692,49.375,11.4125
2016-02-19,2.5449,47.4167,6.8875
2016-02-18,2.1216,83.375,8.1708
2016-02-17,2.1959,67.5833,6.4
2016-02-16,2.4544,66.4583,7.3417
2016-02-15,2.6446,65.7083,6.3083
2016-02-14,2.5905,56.3333,5.1667
2016-02-13,2.2252,52.375,9.75
2016-02-12,2.0379,51.9167,9.75
2016-02-11,2.3111,68.9583,4.3958
2016-02-10,2.448,99.7917,6.0833
2016-02-09,2.4115,85,8.775
2016-02-08,2.4599,75.4167,9.2375
2016-02-07,2.7223,44.5,7.675
2016-02-06,2.91,52.1667,7.9208
2016-02-05,2.7578,44.3333,5.0667
2016-02-04,2.326,45.75,5.2208
2016-02-03,2.3442,48.4583,7.8833
2016-02-02,2.1759,53.625,9.1458
2016-02-01,2.244,61,5.6667
2016-01-31,2.2349,76.8333,19.5417
2016-01-30,2.4725,86.2917,9.4
2016-01-29,2.6998,69.2917,9.5958
2016-01-28,2.5179,57.25,5.4375
2016-01-27,2.7194,48.25,5.9583
2016-01-26,2.4179,64.0417,5.4417
2016-01-25,2.2582,53,4.95
2016-01-24,2.6806,59.2083,9.875
2016-01-23,2.4073,77.125,8.525
2016-01-22,2.7122,94.5833,4.7
2016-01-21,2.5928,74.8333,8.2958
2016-01-20,3.2859,70,9.9208
2016-01-19,2.4855,83.3333,6.1792
2016-01-18,2.2248,83.9167,6.3125
2016-01-17,2.0492,67.8333,5.4292
2016-01-16,2.1911,68.875,5.8083
2016-01-15,2.3468,88,4.1792
2016-01-14,2.441,91.2609,2.9667
2016-01-13,2.3686,85.3333,5.9375
2016-01-12,2.4722,84.7917,6.7458
2016-01-11,2.4594,61.2083,5.675
2016-01-10,2.4934,60.3333,6.7417
2016-01-09,2.5308,75.125,4.1833
2016-01-08,2.8618,61.2083,6.8417
2016-01-07,2.1844,74.125,9.7083
2016-01-06,3.047,83.4583,8.9208
2016-01-05,2.8594,83.5417,8.2708
2016-01-04,2.5864,81.2083,11.9875
2016-01-03,2.3756,75.0417,7.7583
2016-01-02,2.2277,58.375,4.4792
2016-01-01,2.5119,60,7.6625
2015-12-31,2.351,61.7083,6.7375
2015-12-30,2.0348,50.875,3.3208
2015-12-29,2.1153,57.3333,5.2625
2015-12-28,2.1708,70.9167,5.8292
2015-12-27,2.4327,85.5,8.2833
2015-12-26,2.1373,85.9167,12.4792
2015-12-25,2.452,61.3333,12.1792
2015-12-24,2.1652,78.7917,11.4042
2015-12-23,2.2691,83.625,5.6583
2015-12-22,2.0971,84.25,5.8208
2015-12-21,2.3813,75.2083,6.325
2015-12-20,2.5713,70.1667,5.4875
2015-12-19,2.6951,61.5,4.6833
2015-12-18,2.6838,62.2917,3.8542
2015-12-17,2.1897,74.4583,6.0208
2015-12-16,2.2656,87.0417,7.325
2015-12-15,2.0715,76.7083,6.1583
2015-12-14,1.6646,83.9583,4.6208
2015-12-13,1.8872,81.1667,4.9667
2015-12-12,1.8295,88.625,8.6958
2015-12-11,2.1601,92.2083,6.5833
2015-12-10,2.0319,92.2917,6.7333
2015-12-09,1.8754,93.9583,7.1333
2015-12-08,1.8615,92.5417,6.7125
2015-12-07,2.4595,79.9583,6.7833
2015-12-06,2.2584,61,4.4833
2015-12-05,2.5099,55.7917,3.0833
2015-12-04,2.3389,60.2917,5.6708
2015-12-03,2.337,47.4583,6.1917
2015-12-02,2.4608,57.4167,12.2542
2015-12-01,2.3209,58.4583,6.6333
2015-11-30,2.2568,49.5833,6.0792
2015-11-29,2.1765,49.9167,10.5542
2015-11-28,2.2077,54.7083,5.8583
2015-11-27,2.2875,51.3478,5.0333
2015-11-26,2.1491,54.5417,7.3
2015-11-25,2.0684,54.6667,10.2292
2015-11-24,2.2516,66.25,9.6458
2015-11-23,2.351,72.375,11.5261
2015-11-22,2.8712,85.5833,11.45
2015-11-21,2.7083,78.2083,11.3042
2015-11-20,2.5016,47.5417,8.1917
2015-11-19,2.5115,49.4167,9.3458
2015-11-18,2.462,73.875,13.775
2015-11-17,2.3525,69.0417,5.8625
2015-11-16,2.3448,68.3333,8.6583
2015-11-15,2.2309,61.75,12.4667
2015-11-14,2.2232,60.5,7.0208
2015-11-13,2.3756,70.5833,8.5833
2015-11-12,2.5546,78.375,11.6458
2015-11-11,2.4562,64.6667,10.0708
2015-11-10,2.0478,42.375,9.4333
2015-11-09,2.1261,56.375,7.8417
2015-11-08,2.2918,81.3333,4.6167
2015-11-07,2.5444,88.9583,12.2167
2015-11-06,2.279,77,7.7875
2015-11-05,2.2394,56.375,9.2542
2015-11-04,1.9507,61.8333,5.2958
2015-11-03,1.8835,70.125,4.2417
2015-11-02,2.4303,73,6.3125
2015-11-01,2.284,91.7083,7.3833
2015-10-31,2.303,92.5,7.9542
2015-10-30,2.329,70.1667,8.4
2015-10-29,2.3247,58.25,4.4208
2015-10-28,2.079,53.9583,4.9167
2015-10-27,2.3667,54.3333,3.4833
2015-10-26,2.0259,69.9583,4.5583
2015-10-25,2.2794,64.4167,6.6792
2015-10-24,2.4339,67.7917,6.5583
2015-10-23,2.1161,75.9167,8.1917
2015-10-22,2.47,73.7083,5.5417
2015-10-21,2.1945,60.0417,9.0208
2015-10-20,2.3952,48.375,8.1
2015-10-19,2.3384,49,7.4708
2015-10-18,2.4377,64.3333,5.8417
2015-10-17,2.1755,65.875,5.8542
2015-10-16,2.1422,53.5,6.7042
2015-10-15,2.4339,56.375,6.325
2015-10-14,2.4839,55.0417,8.6583
2015-10-13,2.5097,53.4583,4.4375
2015-10-12,2.6027,45.0833,7.5375
2015-10-11,2.9502,43.4167,6.2333
2015-10-10,2.5031,44.5833,6.3042
2015-10-09,2.1037,39,6.8792
2015-10-08,1.9968,48.9167,5.4792
2015-10-07,2.4053,46.1667,9.4458
2015-10-06,1.9213,61.25,10.5083
2015-10-05,2.0556,54.5833,17.8833
2015-10-04,2.0169,70,9.5167
2015-10-03,1.8972,66.9167,4.4583
2015-10-02,2.177,78.375,6.4708
2015-10-01,2.0885,84.2083,4.8333
2015-09-30,2.0006,63.2917,5.7583
2015-09-29,2.1281,59.25,6.9958
2015-09-28,2.2287,55.2083,5.1292
2015-09-27,2.4315,56.7083,15.7833
2015-09-26,2.3572,56.9167,10.7
2015-09-25,2.507,47.375,6.9917
2015-09-24,2.3462,59.8333,6.075
2015-09-23,2.1643,57.875,5.4542
2015-09-22,2.1936,49.7083,5.6333
2015-09-21,2.3469,60.25,7.3125
2015-09-20,2.2087,61.6667,4.9458
2015-09-19,2.4016,63.8333,6.1208
2015-09-18,2.2819,57.7083,6.7083
2015-09-17,2.0705,48.2083,5.8042
2015-09-16,1.7723,53.8333,5.1875
2015-09-15,2.0705,60.4167,7.2583
2015-09-14,2.1695,73.5,6.175
2015-09-13,2.8523,79.4583,10.2125
2015-09-12,2.5346,91,8.6167
2015-09-11,1.987,84.625,8.2
2015-09-10,2.0915,45.2083,2.975
2015-09-09,2.2827,56.9583,6
2015-09-08,2.0678,69.1667,4.9583
2015-09-07,2.0843,69.3333,4.6208
2015-09-06,2.2149,62.9583,9.1833
2015-09-05,1.7838,71.5417,7.8042
2015-09-04,1.7611,82.25,4.6042
2015-09-03,2.3013,94.7083,4.3958
2015-09-02,2.7182,88.75,6.9083
2015-09-01,2.4742,73.2083,6.1667
2015-08-31,2.4971,46.0833,11.2958
2015-08-30,2.722,47.9167,6.3167
2015-08-29,3.8587,39.7917,10.725
2015-08-28,5.7748,44.4583,5.7167
2015-08-27,4.4567,48.7083,8.7167
2015-08-26,3.1338,54.9583,3.7917
2015-08-25,6.8136,69.9583,11.6958
2015-08-24,3.7237,75.5833,9.875
2015-08-23,2.1031,56.4583,8.2417
2015-08-22,2.2268,56.0417,5.8
2015-08-21,2.087,54.8333,5.8167
2015-08-20,2.5507,61.2083,4.85
2015-08-19,2.5814,93,6.025
2015-08-18,2.549,75.7917,5.7792
2015-08-17,2.1041,51.5,6.3042
2015-08-16,1.9236,64.9583,6.4208
2015-08-15,2.1324,68.8333,10.5167
2015-08-14,2.9267,76.1667,5.2458
2015-08-13,3.0081,88.0833,8.1458
2015-08-12,2.8966,62.4583,8.1609
2015-08-11,2.8296,35.9167,5.7042
2015-08-10,2.4481,39.5,4.3417
2015-08-09,2.2468,49.5417,7.3
2015-08-08,2.2593,51.7917,7.2208
2015-08-07,2.1339,48.4583,7.8625
2015-08-06,2.0568,52.75,6.6417
2015-08-05,2.36,63.25,7.4875
2015-08-04,2.7217,83.0417,6.0542
2015-08-03,3.1078,83.4583,7.9958
2015-08-02,2.7336,67.7917,4.9
2015-08-01,2.845,53,3.575
2015-07-31,2.8193,55.25,2.5833
2015-07-30,2.5373,51.625,4.7042
2015-07-29,2.3181,42.7917,8.4958
2015-07-28,2.0702,52.375,5.7875
2015-07-27,2.1772,50.25,8.125
2015-07-26,2.4689,54.5417,7.7292
2015-07-25,2.3636,70.0833,6.5292
2015-07-24,2.5099,72.3333,5.7875
2015-07-23,2.7112,57.75,10.5333
2015-07-22,2.8009,46.5833,9.3833
2015-07-21,2.8017,62.0833,9.3
2015-07-20,2.4162,65.625,5.6667
2015-07-19,2.4484,62.3333,7.775
2015-07-18,2.1088,58.75,7.0667
2015-07-17,2.0767,56.5833,5.45
2015-07-16,2.5532,53,6.1625
2015-07-15,2.7583,79.3333,6.65
2015-07-14,2.6863,74.7917,6.45
2015-07-13,2.8301,52.875,6.8208
2015-07-12,2.7882,68.125,8.3417
2015-07-11,3.2313,73.3333,19.8625
2015-07-10,3.8041,64.9583,10.85
2015-07-09,3.1701,57,7.975
2015-07-08,3.1579,51.375,6.113
2015-07-07,3.0767,40.875,7.4458
2015-07-06,2.6137,52.9167,7.0625
2015-07-05,2.609,70.375,6.375
2015-07-04,2.925,63.3333,6.5958
2015-07-03,2.8683,61.9167,6.4333
2015-07-02,2.5414,61.8333,10.5792
2015-07-01,2.5233,50.7083,7.4792
2015-06-30,2.63,59.875,6.8917
2015-06-29,2.7258,69.4583,6.7833
2015-06-28,3.4004,79.4167,9.7375
2015-06-27,3.8805,59.75,6.3292
2015-06-26,3.3779,46.375,4.4333
2015-06-25,3.417,51.8333,7.8792
2015-06-24,2.8832,46.5833,5.5708
2015-06-23,2.7871,52.5,7.2583
2015-06-22,2.7802,55.3333,5.8125
2015-06-21,2.7702,57.2273,5.8818
2015-06-20,2.7615,52.7917,6.2909
2015-06-19,2.7978,69.7083,5.4542
2015-06-18,2.8005,61.75,6.6917
2015-06-17,2.4415,62.2083,5.1
2015-06-16,2.974,76.1667,10.4958
2015-06-15,2.8669,89.125,6.8833
2015-06-14,2.6162,57.0417,5.2042
2015-06-13,2.2276,62.625,7.025
2015-06-12,3.0721,70.2917,6.1417
2015-06-11,3.4356,75.2917,9.3125
2015-06-10,3.4621,74.0833,7.6708
2015-06-09,3.0764,50.5833,7.3458
2015-06-08,3.3878,54.2917,9.3583
2015-06-07,3.9461,42.9583,7.4042
2015-06-06,3.5824,40.8333,5.1875
2015-06-05,2.847,45.3333,8.2708
2015-06-04,2.7052,48.5833,6.6292
2015-06-03,2.6466,60.7083,6.4083
2015-06-02,3.1487,73.5,5.6625
2015-06-01,3.5306,89.1667,4.6167
2015-05-31,3.5639,78.6667,4.3833
2015-05-30,2.7391,55.4583,8.4583
2015-05-29,3.3325,52.7083,6.475
2015-05-28,3.6884,74.4167,6.8208
2015-05-27,3.7655,73.0417,6.5
2015-05-26,3.5345,74.8333,8.2625
2015-05-25,3.5579,59.1364,8.775
2015-05-24,3.7925,59.125,8.925
2015-05-23,3.6785,49.5,7.2875
2015-05-22,3.4952,40.9583,9.4917
2015-05-21,3.4165,33.4167,6.6458
2015-05-20,3.1814,36.875,5.6333
2015-05-19,3.1369,33.5,8.1083
2015-05-18,3.1226,36.4167,10.9292
2015-05-17,2.8893,41.4583,8.8333
2015-05-16,3.0286,47.375,10.5625
2015-05-15,2.9102,61.25,5.6167
2015-05-14,2.662,93,8.7667
2015-05-13,2.9725,85.625,8.7042
2015-05-12,3.1448,84.75,6.3458
2015-05-11,3.2256,49.7083,7.7182
2015-05-10,3.0733,39.4167,6.9
2015-05-09,3.0187,48.7083,5.1
2015-05-08,2.9637,52.7917,6.4417
2015-05-07,2.9207,45.4583,7.3125
2015-05-06,2.4356,64.2917,5.8625
2015-05-05,2.7752,60.25,6.625
2015-05-04,3.045,64.0417,13.6208
2015-05-03,3.1087,52.0417,10.6375
2015-05-02,3.3501,38.7917,6.7792
2015-05-01,3.2161,52.5833,7.0833
2015-04-30,3.0112,55.7917,11.1875
2015-04-29,2.9456,49.0417,10.9125
2015-04-28,2.7527,47.9167,9.4542
2015-04-27,2.9045,55.5833,8.4625
2015-04-26,2.679,34.7917,7.1333
2015-04-25,2.5078,39.7917,8.7833
2015-04-24,2.5738,58.2083,6.3833
2015-04-23,2.7605,79.7083,9.675
2015-04-22,2.9492,69.7917,8.6458
2015-04-21,2.7229,50.375,5.2833
2015-04-20,2.6996,41.125,11.6667
2015-04-19,2.6707,43.7083,7.8458
2015-04-18,2.9593,42.625,7.5958
2015-04-17,2.8688,47.5417,5.5917
2015-04-16,2.7512,52.375,10.175
2015-04-15,2.7991,41.4167,13.175
2015-04-14,2.4006,35.7917,11.2042
2015-04-13,2.841,48.9583,10.2292
2015-04-12,3.0556,66.0417,12.3833
2015-04-11,3.1753,42.7083,4.7625
2015-04-10,3.0503,38.5,16.6833
2015-04-09,2.9786,38.7917,12.3042
2015-04-08,2.9653,36.1667,9.9458
2015-04-07,2.5396,35.25,7.7958
2015-04-06,2.4521,40.125,7.0917
2015-04-05,2.6769,64.7917,6.4125
2015-04-04,2.5992,86.1667,6.6083
2015-04-03,2.8843,83.75,5.6875
2015-04-02,2.7854,78.125,6.3917
2015-04-01,3.0874,57.5417,6.0833
2015-03-31,2.9459,67.125,6.7792
2015-03-30,2.7784,49.0417,18.2
2015-03-29,2.7388,45.6667,15.65
2015-03-28,2.5824,49.4583,7.1917
2015-03-27,2.7509,49.3333,9.5708
2015-03-26,2.5134,67.2083,7.7583
2015-03-25,2.9749,38.875,7.1435
2015-03-24,2.5655,48.3333,14.85
2015-03-23,2.3601,62.2917,8.0917
2015-03-22,2.251,83.0833,5.3042
2015-03-21,1.8695,88.75,5.2542
2015-03-20,2.5065,74.7917,6.7292
2015-03-19,2.2382,98.0417,6.1917
2015-03-18,1.9934,91,6.7542
2015-03-17,1.9384,56.0417,8.7375
2015-03-16,2.0856,64.9583,6.0958
2015-03-15,2.7079,88.8333,7.2333
2015-03-14,2.7223,86.25,5.7042
2015-03-13,2.4719,60.4583,7.7542
2015-03-12,2.7394,38.8333,17.8875
2015-03-11,2.8274,34.875,6.0292
2015-03-10,2.4497,41.1667,11.7083
2015-03-09,2.5546,58.25,7.9875
2015-03-08,2.6815,71.4167,4.75
2015-03-07,2.5394,47.3333,11.2458
2015-03-06,2.8077,46.625,9.9708
2015-03-05,2.5635,58.375,7.1435
2015-03-04,2.3108,45.4167,8.1458
2015-03-03,2.4552,43.5417,10.25
2015-03-02,2.7656,55.7917,7.2708
2015-03-01,2.1804,60.75,6.7958
2015-02-28,2.3025,72.4583,15.2917
2015-02-27,2.2014,68.875,7.2625
2015-02-26,2.2252,70.25,10.8333
2015-02-25,2.2479,76.5833,9.4917
2015-02-24,2.4727,80.25,10.7875
2015-02-23,2.4379,80.5,8.1125
2015-02-22,2.2991,56.6667,10.7
2015-02-21,2.4226,48.1667,9.8875
2015-02-20,2.4546,61.9167,6.3708
2015-02-19,2.5783,80.3333,6.4417
2015-02-18,2.2488,77.5,9.95
2015-02-17,2.3662,48.375,9.2875
2015-02-16,2.5381,63.3333,5.4042
2015-02-15,2.2437,80.75,4.9583
2015-02-14,2.71,71.7083,8.9042
2015-02-13,2.1007,57.375,5.6542
2015-02-12,2.5794,71.2917,8.9708
2015-02-11,3.7245,60.4167,6.2125
2015-02-10,3.4421,66.1667,6.8167
2015-02-09,2.8014,93.1667,8.4208
2015-02-08,2.7624,78.0417,3.8167
2015-02-07,2.8838,80.0833,5.7292
2015-02-06,2.3686,73.375,5.0875
2015-02-05,2.5243,67.625,3.6125
2015-02-04,2.2801,85.1667,4.5792
2015-02-03,2.46,85.0417,5.9542
2015-02-02,2.5212,66.2083,7.6167
2015-02-01,1.9556,75.7917,3.9542
2015-01-31,1.9988,81.3333,6.4958
2015-01-30,2.6478,80.2917,7.1
2015-01-29,2.3905,81.7083,5.9708
2015-01-28,2.8771,62.5417,5.3167
2015-01-27,2.2256,62.2083,4.7167
2015-01-26,2.5402,75.4583,5.4583
2015-01-25,2.217,45.0833,5.3583
2015-01-24,2.4057,56.0417,3.0167
2015-01-23,2.6365,46.875,6.5833
2015-01-22,2.646,45.7917,10.5375
2015-01-21,2.31,51.4583,9.2125
2015-01-20,2.343,52.75,13.75
2015-01-19,2.4975,55.125,8.8708
2015-01-18,2.4958,53.625,7.1542
2015-01-17,2.6769,47.5833,11.0333
2015-01-16,2.5965,64.375,7.1708
2015-01-15,2.5222,43.5833,9.5167
2015-01-14,2.3496,48.1667,13.3833
2015-01-13,2.2343,51.25,10.4917
2015-01-12,2.5587,57.9583,9.5167
2015-01-11,2.9763,63.3333,10.2125
2015-01-10,2.6486,74.5417,7.6333
2015-01-09,2.2176,82.125,3.7
2015-01-08,2.6359,79.625,4.7583
2015-01-07,2.0112,72.5,8.0375
2015-01-06,2.1625,69.9583,10.8958
2015-01-05,2.0024,79.625,10.9792
2015-01-04,2.0042,82.1667,4.725
2015-01-03,2.101,75.25,6.1125
2015-01-02,2.1669,75.3333,5.7958
2015-01-01,2.2541,78.125,5.45
2014-12-31,2.1617,90.5417,8.0125
2014-12-30,2.1988,68.75,7.775
2014-12-29,1.9616,50.375,11.5875
2014-12-28,2.122,59.9583,11.55
2014-12-27,2.2954,77.4583,8.4958
2014-12-26,2.1881,86.625,9.9125
2014-12-25,2.0351,69.4583,3.8042
2014-12-24,2.3314,76.8333,6.1708
2014-12-23,2.5885,81.4167,5.475
2014-12-22,2.6054,64.625,5.1167
2014-12-21,2.2427,65.8333,4.775
2014-12-20,2.4059,67.0833,4.3333
2014-12-19,2.0827,70.125,6.05
2014-12-18,2.0526,57.0833,5.7417
2014-12-17,2.2403,74.0417,6.7875
2014-12-16,2.6176,72.2083,6.1833
2014-12-15,2.1192,79.75,5.4708
2014-12-14,2.0837,93.5417,5.0542
2014-12-13,2.1338,86.125,6.125
2014-12-12,2.4822,79.875,6.15
2014-12-11,2.5004,78.375,9.9667
2014-12-10,2.3236,59.0833,5.4542
2014-12-09,2.5579,51.1667,10.1833
2014-12-08,2.4717,59.8333,10.7542
2014-12-07,2.5627,65.3333,3.9375
2014-12-06,2.4498,73.7083,5.2458
2014-12-05,2.8409,74.0833,3.9958
2014-12-04,2.1792,78.0833,7.2083
2014-12-03,2.421,84.3333,5.8542
2014-12-02,2.5971,71.5,8.0042
2014-12-01,2.4003,71.7083,7.1125
2014-11-30,2.2293,61.3333,7.1417
2014-11-29,2.4187,61.7083,9.6292
2014-11-28,2.0994,72.75,8.7333
2014-11-27,1.9094,71.375,9.6708
2014-11-26,3.1496,79.375,13.4375
2014-11-25,2.2427,92.875,7.3917
2014-11-24,2.4207,93.25,4.6833
2014-11-23,2.0239,69.5833,7.9625
2014-11-22,2.0639,64.9167,5.2583
2014-11-21,2.6757,73.75,4.9833
2014-11-20,2.4079,71.4167,7.9458
2014-11-19,2.5827,49.7083,9.2625
2014-11-18,2.4779,59.5833,12.2667
2014-11-17,2.1584,85.4583,4.675
2014-11-16,2.9898,64.9167,7.7458
2014-11-15,2.3937,64.6667,8.9458
2014-11-14,2.499,68.3333,9.1083
2014-11-13,2.3852,64.8333,10.85
2014-11-12,2.3744,80,10.1417
2014-11-11,2.6058,79.125,5.8792
2014-11-10,2.2325,82.2917,4.1
2014-11-09,2.1087,77.7917,7.2958
2014-11-08,2.1106,82.75,9.3708
2014-11-07,2.274,89.7917,5.425
2014-11-06,2.2826,82.75,5.5458
2014-11-05,2.1654,78.625,8.1625
2014-11-04,2.5365,67.7917,5.7125
2014-11-03,2.3764,75.7083,4.8125
2014-11-02,2.2712,69.6667,9.8542
2014-11-01,1.922,71.6667,6.0917
2014-10-31,2.0719,93.6667,6.1458
2014-10-30,2.2622,94,6.2333
2014-10-29,2.5707,74.8333,4.2
2014-10-28,2.4176,92.0833,6.6208
2014-10-27,2.3026,60.625,6.7167
2014-10-26,1.9682,72.4167,4.175
2014-10-25,2.2044,64.3333,8.175
2014-10-24,2.764,75.75,10.4125
2014-10-23,2.557,60.9167,7.9417
2014-10-22,2.3661,48.625,8.0667
2014-10-21,2.5144,56.2083,8.5167
2014-10-20,2.4942,53.875,3.6417
2014-10-19,2.3055,53.5417,7.2125
2014-10-18,2.6588,45.7917,6.35
2014-10-17,2.2052,56.4167,3.5875
2014-10-16,2.4041,45.9167,9.2542
2014-10-15,2.1335,63.4167,4.7542
2014-10-14,2.5637,82.1667,5.125
2014-10-13,2.3517,82.5,6.0917
2014-10-12,2.4134,53.2083,7.5208
2014-10-11,2.7533,52.6667,4.7458
2014-10-10,2.1062,46.7917,8.7292
2014-10-09,2.2356,48.9583,7.5583
2014-10-08,2.2366,53.5833,7.7458
2014-10-07,2.5465,71.5833,5.8542
2014-10-06,2.5346,58.5833,4.3958
2014-10-05,2.4739,59.0833,4.0875
2014-10-04,2.5821,58.625,6.2167
2014-10-03,2.2504,61.6667,4.8792
2014-10-02,2.3838,49.5,7.4625
2014-10-01,2.4566,64.5,5.9625
2014-09-30,2.4026,59.9167,9.85
2014-09-29,2.2004,68.625,10.0875
2014-09-28,2.3639,74,11.3625
2014-09-27,2.1417,74.5,7.35
2014-09-26,2.8245,80.7083,12.2625
2014-09-25,2.8531,83.2083,4.5875
2014-09-24,2.7536,80.3333,4.5667
2014-09-23,3.0661,55,5.525
2014-09-22,2.6604,55.125,6.725
2014-09-21,2.3745,66.75,4.6625
2014-09-20,2.7131,45.3333,7.2125
2014-09-19,2.6761,59.7083,7.1417
2014-09-18,3.1673,54.4167,4.1542
2014-09-17,2.4944,57.9583,9.95
2014-09-16,2.3834,66.9167,5.8542
2014-09-15,2.22,53.5417,6.3375
2014-09-14,2.154,57.3333,5.7333
2014-09-13,2.0431,60.75,5.4792
2014-09-12,1.8963,63.4167,5.375
2014-09-11,1.98,70.875,5.45
2014-09-10,1.7507,79.4583,9.2833
2014-09-09,1.6084,74.4583,5.375
2014-09-08,1.6824,91.9583,5.6708
2014-09-07,2.2904,93.2083,3.2792
2014-09-06,2.2593,95.1667,7.6292
2014-09-05,2.1778,59.5833,9.3208
2014-09-04,1.6902,55.9583,5.2708
2014-09-03,1.9831,57.5,7.3208
2014-09-02,2.321,64.125,6.175
2014-09-01,2.2937,84.5833,10.1542
2014-08-31,2.3362,70.5,5.1125
2014-08-30,2.5786,55.4583,8.8167
2014-08-29,2.0944,56.5833,5.5917
2014-08-28,2.4339,60.25,5.125
2014-08-27,2.3511,74.9583,6.5958
2014-08-26,2.7916,85.9583,6.5542
2014-08-25,2.2135,47.375,9.3375
2014-08-24,2.1857,53.5,6.5208
2014-08-23,2.3348,66.0417,4.55
2014-08-22,1.9354,77.75,3.0292
2014-08-21,1.9195,72.8333,3.6417
2014-08-20,2.3904,86.5,3.5458
2014-08-19,2.9164,82.5417,3.7833
2014-08-18,3.1143,86.7083,5.9125
2014-08-17,2.5479,72.25,5.1583
2014-08-16,2.2598,62.2083,5.1958
2014-08-15,2.8096,72.8333,8.9542
2014-08-14,3.369,78.375,6.1208
2014-08-13,3.0274,75.0833,5.975
2014-08-12,2.7984,72.9583,7.175
2014-08-11,2.6884,58.3333,5.3542
2014-08-10,2.4053,58.4583,6.6958
2014-08-09,2.4346,56.1667,5.6042
2014-08-08,2.6,58.75,4.4875
2014-08-07,3.2153,65.8333,5.5208
2014-08-06,2.6522,82.625,6.2708
2014-08-05,2.528,63.4167,7.7625
2014-08-04,2.5762,61.7083,6.3208
2014-08-03,2.8101,70.0833,5.5792
2014-08-02,2.7794,77.4167,6.6792
2014-08-01,3.0855,71.3333,7.875
2014-07-31,3.024,62.9583,6.6875
2014-07-30,3.147,59.5833,7.0458
2014-07-29,2.8148,59.0833,8.9417
2014-07-28,2.6282,35.3333,6.95
2014-07-27,2.5442,45.0833,6.4208
2014-07-26,2.2773,54.3333,5.5542
2014-07-25,2.3173,53.7917,5.8417
2014-07-24,2.4354,58.9583,5.775
2014-07-23,2.453,49.7917,12.825
2014-07-22,2.5073,53.5417,14.6833
2014-07-21,2.5167,57.5417,5.3125
2014-07-20,2.1,66.6667,7.9083
2014-07-19,2.7773,70.1667,3.225
2014-07-18,3.4317,71.5,4.2875
2014-07-17,4.5136,61.9583,6.7333
2014-07-16,4.0103,64,6.8375
2014-07-15,2.8059,64.1667,9.6208
2014-07-14,2.9443,51.7917,7.2917
2014-07-13,3.1288,62.875,4.9667
2014-07-12,2.9817,59.3333,8.0208
2014-07-11,2.9373,52.9583,5.5583
2014-07-10,2.4355,55.4167,5.575
2014-07-09,2.0704,60.5417,5.6667
2014-07-08,2.5506,57.8333,7.1583
2014-07-07,2.5197,55.625,8.9417
2014-07-06,2.7567,60.125,7.0458
2014-07-05,3.1265,61.8333,7.3667
2014-07-04,3.1231,65.3333,5.8417
2014-07-03,2.9202,60.2083,7.2458
2014-07-02,2.7467,55.2917,6.15
2014-07-01,2.4133,53.9167,8.8125
2014-06-30,2.1589,62.9167,7.8375
2014-06-29,2.2329,55.0833,7.0458
2014-06-28,2.3713,57.8333,12.475
2014-06-27,2.0599,76.5,13.5708
2014-06-26,2.1348,66.6667,10.7792
2014-06-25,2.2832,71.9545,6.0955
2014-06-24,2.426,70,7.3333
2014-06-23,2.616,70.4583,7.9458
2014-06-22,2.67,68.1667,7.2375
2014-06-21,2.7477,55.9583,6.2708
2014-06-20,2.4367,54.375,5
2014-06-19,2.3748,66.0417,8.7292
2014-06-18,2.4665,58.2083,6.8458
2014-06-17,2.4335,89.1667,5.0091
2014-06-16,2.4892,87.125,8.9042
2014-06-15,2.694,84.7917,7.7708
2014-06-14,3.0795,85.25,5.2042
2014-06-13,2.4748,80.1667,5.9
2014-06-12,2.6542,70.4583,5.3042
2014-06-11,2.6893,88.125,5.4417
2014-06-10,2.4784,58.5833,7.5583
2014-06-09,2.6109,56.3333,6.3042
2014-06-08,2.4951,55.2083,5.1417
2014-06-07,2.6886,58.2917,8.0792
2014-06-06,2.1495,44.625,5.8167
2014-06-05,2.4026,44.5417,5.8208
2014-06-04,3.0199,52.75,5.1792
2014-06-03,2.7909,66.125,11.825
2014-06-02,2.8434,60.0417,10.9833
2014-06-01,2.8791,56.2917,6.4583
2014-05-31,2.7835,62.4167,7.4333
2014-05-30,2.6274,63.125,5.35
2014-05-29,2.6439,53.5833,7.95
2014-05-28,2.2444,41.8333,6.0708
2014-05-27,2.5548,68.9167,8.9833
2014-05-26,2.5687,87.375,5.5042
2014-05-25,2.6934,58.3333,5.9042
2014-05-24,2.8976,59.5833,8.6417
2014-05-23,2.6706,66.625,5.7167
2014-05-22,2.5821,50.7083,6.3583
2014-05-21,2.5525,39.75,8.8042
2014-05-20,2.4676,37.5417,7.7583
2014-05-19,3.0765,47.2083,8.6083
2014-05-18,2.4265,61.5,6.075
2014-05-17,2.5594,66.7917,10.2
2014-05-16,2.8811,83.0455,7.4227
2014-05-15,2.7285,69.9583,9.3792
2014-05-14,2.6157,62.3333,6.5042
2014-05-13,2.783,64.875,11.4958
2014-05-12,2.7775,44.5833,7.225
2014-05-11,2.3335,42.5417,6.6
2014-05-10,2.8131,38.625,7.4125
2014-05-09,2.6627,51.7273,6.9409
2014-05-08,2.873,72.2917,8.375
2014-05-07,2.8947,76.6667,7.925
2014-05-06,2.8977,45.2917,9.5875
2014-05-05,2.313,53.75,6.25
2014-05-04,2.4232,66.9167,10.4542
2014-05-03,2.7677,84.9167,4.1625
2014-05-02,2.4463,91.3333,5.375
2014-05-01,2.5135,91.5833,5.7333
2014-04-30,2.7495,91.125,6.9
2014-04-29,2.859,43.7917,7.325
2014-04-28,2.9162,36.125,7.025
2014-04-27,2.7528,36.375,6.7042
2014-04-26,2.3198,57.125,13.4333
2014-04-25,2.481,55.4167,7.3375
2014-04-24,2.799,85.4583,5.775
2014-04-23,2.7937,75.375,6.0417
2014-04-22,3.2749,49.5,5.3208
2014-04-21,3.5471,62.0833,6.55
2014-04-20,3.1972,52.375,6.9542
2014-04-19,2.7067,35.2917,6.4792
2014-04-18,2.0753,40.25,11.7
2014-04-17,2.4287,60.5,5.5875
2014-04-16,2.5552,92.4167,7.3375
2014-04-15,3.2272,87.7083,6.2583
2014-04-14,3.2627,87.625,7.925
2014-04-13,2.7388,55.125,11.9042
2014-04-12,2.8028,37.5,7.5583
2014-04-11,2.9418,55.1667,7.9
2014-04-10,3.2389,68.9583,8.9333
2014-04-09,3.4014,64.5833,8.5792
2014-04-08,3.2265,37.625,11.6667
2014-04-07,2.8638,52.75,12.2125
2014-04-06,3.1198,38.875,13.8375
2014-04-05,3.0151,41.375,10.4583
2014-04-04,2.8415,45.8333,7.4875
2014-04-03,2.5331,45.0417,10.85
2014-04-02,2.5449,57.5833,8.775
2014-04-01,2.2914,89.7917,7.525
2014-03-31,2.2893,77.875,6.1458
2014-03-30,3.0936,81.1905,5.6286
2014-03-29,2.9329,83.9167,5.4125
2014-03-28,2.8089,82.2083,6.5208
2014-03-27,2.587,88.5417,6.4625
2014-03-26,2.9623,84.375,9.4542
2014-03-25,2.8578,81.9524,5.7667
2014-03-24,2.8234,83.75,6.1917
2014-03-23,2.7782,79.4583,6.4542
2014-03-22,2.7244,66.4167,6.4875
2014-03-21,2.5544,73.375,5.3333
2014-03-20,2.7621,79.2083,8.975
2014-03-19,2.8725,76.875,4.8083
2014-03-18,2.7793,79.3333,15.0292
2014-03-17,2.9781,45.2917,7.6083
2014-03-16,3.015,64.5,6.5333
2014-03-15,2.8624,59.625,10.9458
2014-03-14,2.8717,53.7083,12.6292
2014-03-13,3.1191,57.9167,5.3667
2014-03-12,3.0935,58.1667,3.7458
2014-03-11,2.7914,49.625,7.4208
2014-03-10,2.7161,36.4167,12.6958
2014-03-09,2.8748,51.5417,7.225
2014-03-08,2.8616,59.375,5.2
2014-03-07,3.5175,58.0833,9.1708
2014-03-06,2.6674,45.8333,7.05
2014-03-05,3.0585,68.1667,4.8375
2014-03-04,2.5236,72,6.9667
2014-03-03,2.2001,74.9583,4.1708
2014-03-02,2.0293,71.5833,4.3125
2014-03-01,2.3378,74.75,7.125
2014-02-28,2.6233,74.75,11.0958
2014-02-27,3.0561,66.875,8.8958
2014-02-26,2.7065,66.5,7.95
2014-02-25,2.3238,58.125,9.425
2014-02-24,2.4552,48.8333,8.2083
2014-02-23,2.4583,57.125,7.6625
2014-02-22,2.1958,61.9583,7.1208
2014-02-21,2.4086,71.3333,4.8833
2014-02-20,2.5268,79.0833,3.9333
2014-02-19,2.6798,70.75,7.7125
2014-02-18,2.6557,47.4167,5.9792
2014-02-17,2.8977,75.875,10.5708
2014-02-16,2.9515,48.0833,8.7667
2014-02-15,2.6619,48.9583,12.5917
2014-02-14,2.7401,48.5,14.2792
2014-02-13,3.0581,56.9167,5.825
2014-02-12,3.1256,54.875,6.3667
2014-02-11,2.6619,68.7917,7.6292
2014-02-10,2.9174,74.2917,4.4292
2014-02-09,2.8519,69.125,6.5833
2014-02-08,2.4932,71.4583,5.5542
2014-02-07,2.467,77.4583,5.675
2014-02-06,2.4855,77.1667,5.8208
2014-02-05,2.3308,65.1667,9.1833
2014-02-04,2.582,59.1667,9.0208
2014-02-03,2.5099,69.9583,6.4875
2014-02-02,2.4511,70.1667,9.9458
2014-02-01,2.3669,76.8333,5.2333
2014-01-31,2.6567,70.9583,5.4042
2014-01-30,2.613,69.6667,5.7042
2014-01-29,2.4308,72.0417,11.7667
2014-01-28,2.3563,77.0833,7.4292
2014-01-27,2.5719,71.8333,6.0875
2014-01-26,2.5589,53.1667,9.1333
2014-01-25,2.2982,72.9167,6.1708
2014-01-24,2.2613,70.125,9.2583
2014-01-23,2.3096,56.7917,10.7708
2014-01-22,2.7133,59.6667,10.125
2014-01-21,2.6246,69.25,9.4208
2014-01-20,2.6297,87.5833,6.2708
2014-01-19,2.8797,58.2917,5.325
2014-01-18,2.6192,54.4583,6.6958
2014-01-17,2.808,45.8333,6.4917
2014-01-16,2.7727,51.5417,9.975
2014-01-15,2.9492,51.875,8.4042
2014-01-14,2.612,55.625,5.2208
2014-01-13,2.7951,40.8333,11.8957
2014-01-12,2.6128,68.25,12.4625
2014-01-11,2.5461,76.1667,14.1875
2014-01-10,2.3926,76.25,7.7625
2014-01-09,2.364,78.875,9.4458
2014-01-08,2.7603,59.375,7.3208
2014-01-07,2.633,59.6667,8.6458
2014-01-06,2.4746,74.6667,8.675
2014-01-05,2.5245,77.4167,8.725
2014-01-04,2.4152,60.3333,9.775
2014-01-03,2.4012,72.625,9.4292
2014-01-02,2.6064,78.25,7.0333
2014-01-01,2.3073,87,9.8542
2013-12-31,2.6901,64.4167,5.5125
2013-12-30,2.9494,88.125,6.875
2013-12-29,2.502,85.3333,6.3125
2013-12-28,2.2758,86.4583,5.2833
2013-12-27,2.4405,72.75,9.1667
2013-12-26,2.6068,78.625,7.9542
2013-12-25,2.7077,52.9167,12.2167
2013-12-24,2.6677,50.9167,10.3792
2013-12-23,2.6273,65,10.7083
2013-12-22,2.8023,62.6667,7.0208
2013-12-21,2.4182,62.125,8.4625
2013-12-20,3.0285,83.625,6.05
2013-12-19,2.3931,78.9167,7.4625
2013-12-18,2.2438,73.3333,4.6083
2013-12-17,2.8054,77.8333,9.3958
2013-12-16,2.4121,83.5417,10.1792
2013-12-15,2.784,59.75,7.275
2013-12-14,2.772,82.125,6.1125
2013-12-13,2.9087,50.7083,11.2375
2013-12-12,2.9364,58.7917,13.225
2013-12-11,2.6353,83.375,6.7
2013-12-10,2.2904,74,5.5208
2013-12-09,2.6631,61.9583,10.2375
2013-12-08,2.3488,84.3333,8.175
2013-12-07,2.3166,81.9167,10.1333
2013-12-06,2.3733,79.2917,10.8417
2013-12-05,2.1549,68.2083,11.3708
2013-12-04,2.5385,73.2083,8.4125
2013-12-03,2.25,75.7917,11.3375
2013-12-02,2.0928,75.2917,11.1
2013-12-01,2.4948,76.625,16.0583
2013-11-30,2.5009,81.7083,23.3667
2013-11-29,2.6972,75.5833,3.7042
2013-11-28,2.4917,81.875,4.5958
2013-11-27,2.442,67.1667,3.3542
2013-11-26,2.27,66.7917,9.025
2013-11-25,2.3507,70.5,6.025
2013-11-24,2.7128,67.2917,7.6583
2013-11-23,2.4896,75.875,7.6583
2013-11-22,2.9702,62.7917,5.4583
2013-11-21,2.686,50.875,10.925
2013-11-20,2.0952,76.2917,5.5083
2013-11-19,1.9603,44.125,16.4333
2013-11-18,2.0293,71.4167,9.3292
2013-11-17,2.2122,79.1667,12.4917
2013-11-16,2.2672,79,9.3708
2013-11-15,2.5565,81.2917,6.825
2013-11-14,2.1768,86.375,12.1667
2013-11-13,2.507,78.125,6.2583
2013-11-12,2.3783,53.8333,6.4524
2013-11-11,2.1719,48.75,9.3125
2013-11-10,1.9636,55,9.9333
2013-11-09,2.2295,71.9167,8.2583
2013-11-08,2.3668,89.7083,6.4958
2013-11-07,2.3415,82.2917,6.8375
2013-11-06,2.1943,81.1667,7.9833
2013-11-05,2.0152,72.4167,5.8042
2013-11-04,1.4354,58.5417,8.3667
2013-11-03,2.2517,66.4286,5.4143
2013-11-02,2.1048,85.5,14.9375
2013-11-01,2.4381,81.7917,6.2667
2013-10-31,2.3909,47.0417,7.5083
2013-10-30,2.1852,51.7083,12.5542
2013-10-29,2.1277,67.375,7.1458
2013-10-28,2.2497,78.9583,5.5792
2013-10-27,2.2252,83.4583,6.1333
2013-10-26,2.3422,88.25,8.3208
2013-10-25,2.301,48.1667,8.15
2013-10-24,2.1612,56.75,6.4958
2013-10-23,2.2985,63.4167,6.4261
2013-10-22,2.1696,82.25,5.105
2013-10-21,2.1793,65.5,6.5417
2013-10-20,2.1903,61.2083,6.3292
2013-10-19,2.5692,68.625,6.7833
2013-10-18,2.21,49.7917,11
2013-10-17,2.1671,55,7.9708
2013-10-16,2.3474,66.5417,11.625
2013-10-15,2.3079,78.5833,7.6167
2013-10-14,2.448,54.875,7.35
2013-10-13,2.2968,58.4167,6.4875
2013-10-12,2.1515,62,3.4542
2013-10-11,1.979,62.7917,5.0875
2013-10-10,2.4457,71.4583,5.3826
2013-10-09,1.8287,68.5,6.1958
2013-10-08,2.1386,59.2917,5.8667
2013-10-07,2.6227,61.1667,8.0583
2013-10-06,2.0287,49.5417,9.6458
2013-10-05,2.4335,64.4167,2.6875
2013-10-04,2.0032,46.5,12.0167
2013-10-03,2.042,64.0417,5.6333
2013-10-02,2.0559,75.8333,4.1125
2013-10-01,2.2875,72.7083,5.2
2013-09-30,2.4529,50.625,9.7833
2013-09-29,2.5099,52.9583,11.6958
2013-09-28,2.0753,47.7917,11.7667
2013-09-27,2.0049,62,7.9042
2013-09-26,1.8653,60.6667,9.3208
2013-09-25,2.2953,68.875,6.5167
2013-09-24,2.3426,59.625,10.3083
2013-09-23,2.4661,52.5417,4.6958
2013-09-22,2.5884,50.4583,10.3833
2013-09-21,2.5105,52.1667,7.2833
2013-09-20,2.1718,53.125,10.925
2013-09-19,2.0025,57.7917,5.2792
2013-09-18,2.1592,66.2917,5.3917
2013-09-17,2.7582,89.25,7.4417
2013-09-16,2.729,54.3333,5.8542
2013-09-15,2.4737,55.4583,10.1583
2013-09-14,2.7135,52.5,8.7333
2013-09-13,2.3275,58.7917,8.2708
2013-09-12,2.6003,52.0833,9.65
2013-09-11,2.7672,57.625,7.9292
2013-09-10,2.7731,59.4583,6.1167
2013-09-09,2.328,59.0417,5.2792
2013-09-08,2.1888,59.6667,6.2917
2013-09-07,2.0069,81.625,5.7167
2013-09-06,2.6634,94.125,2.225
2013-09-05,3.1538,85.0417,5.8542
2013-09-04,2.8638,49.2917,7.725
2013-09-03,2.6582,53.375,6.8833
2013-09-02,2.8775,63.4167,6.1917
2013-09-01,2.5803,47.5417,6.5333
2013-08-31,2.5527,52.3333,5.9458
2013-08-30,2.591,52.25,5.9417
2013-08-29,3.0703,56,6.7167
2013-08-28,2.5438,62.375,7.2458
2013-08-27,2.6622,54.125,8.9125
2013-08-26,2.9606,47.0417,4.575
2013-08-25,2.4947,55.7917,8.8375
2013-08-24,2.7812,66.125,5.0625
2013-08-23,2.8563,49.5,7.8958
2013-08-22,2.6489,57.9583,8.2125
2013-08-21,2.5797,48.25,6.3625
2013-08-20,2.7654,53.625,5.2958
2013-08-19,3.0138,59.0417,7.1583
2013-08-18,2.1495,51.2917,7.2208
2013-08-17,3.0824,48,7.8042
2013-08-16,2.9413,56.625,8.2292
2013-08-15,2.8217,61.3333,6.4958
2013-08-14,3.0573,58.2083,7.1917
2013-08-13,2.6485,60.2917,6.5833
2013-08-12,2.8461,71.0417,4.9417
2013-08-11,2.5998,71.5833,6.3167
2013-08-10,2.4691,68.7917,6.55
2013-08-09,2.3549,71.7083,4.5708
2013-08-08,2.3337,74.625,7.3375
2013-08-07,2.2874,90.875,4.7333
2013-08-06,0.5718,80,5.8042
2013-08-05,1.4377,72.7917,4.7125
2013-08-04,2.5842,68.625,6.0917
2013-08-03,2.6435,71.75,4.0458
2013-08-02,2.2853,69.25,4.1458
2013-08-01,2.2318,62.875,6.2917
2013-07-31,2.1966,69.0417,4.9375
2013-07-30,2.2731,76.2083,5.6667
2013-07-29,2.1819,70.7917,4.8667
2013-07-28,2.283,65.5833,9.7409
2013-07-27,2.6299,71.4167,6.825
2013-07-26,2.3714,80.5,7.8333
2013-07-25,2.2069,74.625,4.2875
2013-07-24,2.4992,78.9583,4.1875
2013-07-23,2.3318,78.4167,5.1375
2013-07-22,2.3572,68.75,7.0208
2013-07-21,2.6027,63.25,4.9958
2013-07-20,2.6337,60.7083,6.7875
2013-07-19,2.61,55.375,7.9167
2013-07-18,2.6377,70.3333,5.5625
2013-07-17,2.3017,57.25,5.1042
2013-07-16,2.6093,72.875,11.8417
2013-07-15,2.4804,64.7917,8.325
2013-07-14,2.4686,67.4583,6.8583
2013-07-13,2.6295,55.1667,4.3625
2013-07-12,2.7368,60.75,7.9167
2013-07-11,2.4985,49.2917,8.4042
2013-07-10,2.6724,63.1667,6.6625
2013-07-09,2.3486,81.8333,2.5917
2013-07-08,2.3664,64.5,4.6458
2013-07-07,2.6,76.1667,5.3333
2013-07-06,2.6137,75.7917,6.0042
2013-07-05,2.8234,70.9583,6.95
2013-07-04,2.7622,64.9167,7.2917
2013-07-03,2.6374,55.375,7.2125
2013-07-02,2.7063,70.2917,7.4167
2013-07-01,2.7685,66.0833,6.4083
2013-06-30,2.544,60.0833,6.6125
2013-06-29,2.3758,48.5833,7.3333
2013-06-28,2.8199,42.0417,8.1917
2013-06-27,2.9162,46.875,12.1958
2013-06-26,2.6254,70.5417,4.9958
2013-06-25,2.1901,70.3333,7.1042
2013-06-24,2.3312,65.2917,7.9833
2013-06-23,2.6646,68.7917,8.2333
2013-06-22,2.6543,90.8333,7.275
2013-06-21,2.5416,89.4167,9.8875
2013-06-20,2.5562,88.9167,7.3208
2013-06-19,2.6171,76.875,5.5083
2013-06-18,2.6943,67.75,5.875
2013-06-17,2.6338,62.0833,9.375
2013-06-16,2.6934,64.4583,9.9292
2013-06-15,2.7718,74.3333,7.225
2013-06-14,2.6708,69.75,6.2958
2013-06-13,3.167,57.2917,7.1208
2013-06-12,3.097,68.5833,6.3167
2013-06-11,2.6728,66.75,5.4292
2013-06-10,2.5259,70.9167,7.2417
2013-06-09,2.908,63.0833,6.2458
2013-06-08,3.0406,54.7083,7.6458
2013-06-07,2.8405,54.4583,7.5958
2013-06-06,3.1173,55.125,8.2333
2013-06-05,2.7351,59.8333,6.7042
2013-06-04,3.3982,86.7083,6.4333
2013-06-03,2.8573,86.75,6.625
2013-06-02,2.7892,57.875,5.1083
2013-06-01,2.8909,79.5,9.0083
2013-05-31,2.6996,89.5833,5.8
2013-05-30,2.7076,75.9583,3.5083
2013-05-29,2.9098,70.625,5.2542
2013-05-28,3.1249,55.2917,6
2013-05-27,2.9467,56.6667,4.225
2013-05-26,2.7748,68.7083,7.8833
2013-05-25,2.8003,94.5833,15.2708
2013-05-24,2.4172,77.75,7.5375
2013-05-23,2.4934,58.3333,6.8833
2013-05-22,2.9961,46.1667,11.675
2013-05-21,3.8023,59.9583,8.2417
2013-05-20,3.4514,66.625,9.9583
2013-05-19,2.9302,55.5833,7.6417
2013-05-18,3.7812,60.5833,5.2958
2013-05-17,3.0645,62.5833,9.4042
2013-05-16,3.0506,44.875,7.0417
2013-05-15,3.1728,50.5417,8.6417
2013-05-14,3.5041,40.2083,13.1375
2013-05-13,3.5877,33.25,10.0542
2013-05-12,3.1019,33.9167,8.0167
2013-05-11,3.7199,42.875,7.7167
2013-05-10,3.5156,33.9167,8.3583
2013-05-09,3.6184,43.9167,8.6292
2013-05-08,3.0227,39.1667,11.1292
2013-05-07,3.247,32.5,10.4917
2013-05-06,3.5035,36.625,6.9083
2013-05-05,3.5608,42.25,8.4292
2013-05-04,3.0716,53.9583,9.025
2013-05-03,3.1075,36.7083,11.575
2013-05-02,3.4204,48.7083,6.8333
2013-05-01,2.9562,57.5417,7.025
2013-04-30,2.5882,72.8333,10.6167
2013-04-29,3,46,11.0417
2013-04-28,3.8,34.8333,17.8542
2013-04-27,3.6293,31.4583,14.4792
2013-04-26,3.3065,35.2917,14.2542
2013-04-25,3.3751,39.0417,9.1125
2013-04-24,3.5115,44.375,9.9208
2013-04-23,3.4724,45.0417,8.1042
2013-04-22,3.6563,60.625,7.7625
2013-04-21,3.4082,77,12.6042
2013-04-20,2.9573,66.6667,6.925
2013-04-19,2.7471,61.2083,8.2625
2013-04-18,3.0693,59.5833,7.7125
2013-04-17,3.0683,64.0833,7.5625
2013-04-16,3.3661,74.875,6.0083
2013-04-15,3.3082,79.5417,9.0625
2013-04-14,3.7974,87.0833,10.6583
2013-04-13,3.0492,65.375,9.9542
2013-04-12,3.0169,82.6667,8.9833
2013-04-11,2.717,68.375,6.2417
2013-04-10,2.3639,64.4583,11.6333
2013-04-09,2.7009,72.375,6.2375
2013-04-08,3.252,90.5,5.7417
2013-04-07,3.0191,96.4167,5.7042
2013-04-06,2.7253,80,7.7083
2013-04-05,2.5273,80.875,9.9208
2013-04-04,2.5065,75.625,7.3458
2013-04-03,3.1913,52.5417,8.125
2013-04-02,2.9825,66.7917,8.075
2013-04-01,3.1718,59.625,7.6667
2013-03-31,3.6675,52.4583,7.125
2013-03-30,3.2632,47.25,8.825
2013-03-29,2.835,60.375,5.4125
2013-03-28,2.9213,62.5,6.6458
2013-03-27,2.8261,61.25,6.3167
2013-03-26,3.2432,56.1667,5.8
2013-03-25,3.0859,69.875,7.4875
2013-03-24,2.7243,66.3333,4.5167
2013-03-23,2.6742,63.0417,8.025
2013-03-22,2.8255,69.2083,12.9792
2013-03-21,2.44,48.1667,7.95
2013-03-20,2.1889,59.75,8.3417
2013-03-19,2.6976,78.9167,8.2542
2013-03-18,2.8293,79.7917,10.125
2013-03-17,2.9081,90.0417,8.6667
2013-03-16,3.4347,78.3333,6.0333
2013-03-15,3.0815,86.2917,7.5708
2013-03-14,3.1659,50.6667,12.0833
2013-03-13,2.9284,67.2083,3.0958
2013-03-12,2.9114,49.9583,8.2708
2013-03-11,3.2882,50.0417,10.3083
2013-03-10,3.2263,57.625,7.7125
2013-03-09,2.9393,72,5.6125
2013-03-08,3.6196,79.25,5.6333
2013-03-07,3.4162,89.1667,4.475
2013-03-06,3.0265,82,6.7
2013-03-05,3.0692,83.5,5.7042
2013-03-04,3.0084,92.5,12.5625
2013-03-03,3.3097,89.2917,4.0167
2013-03-02,3.2334,56.125,4.2417
2013-03-01,2.7699,47.9583,5.4875
2013-02-28,2.8592,63.5417,6.3958
2013-02-27,3.2019,86.1667,6.8583
2013-02-26,2.8415,59.8333,9.0167
2013-02-25,2.8209,54.2917,11.9792
2013-02-24,2.989,57.4583,6.9958
2013-02-23,2.935,48.5417,6.3917
2013-02-22,2.7242,63.6667,6.6375
2013-02-21,2.6154,88.1667,4.9792
2013-02-20,3.3889,86.25,4.4167
2013-02-19,2.7265,91.1667,8.6292
2013-02-18,2.4678,74.2083,10.8333
2013-02-17,2.9925,46.7083,9.9583
2013-02-16,2.8537,50.7083,10.4417
2013-02-15,2.6788,57.8333,5.2875
2013-02-14,2.7582,51.0833,10.1375
2013-02-13,2.7797,48.375,9.4917
2013-02-12,2.7689,51.9167,7.6375
2013-02-11,2.7452,67.9167,6.9875
2013-02-10,2.6098,62.2917,12.6667
2013-02-09,2.9146,53.375,6.6125
2013-02-08,2.5938,56.875,4.1
2013-02-07,2.8426,58.0833,4.9125
2013-02-06,3.3027,68.1667,4.0583
2013-02-05,2.7827,52.625,8.1375
2013-02-04,2.8795,53.625,7.0417
2013-02-03,2.8502,60.7083,6.125
2013-02-02,2.867,63.5,5.8958
2013-02-01,2.9396,72.5,4.3833
2013-01-31,2.7411,76.8333,5.9292
2013-01-30,2.2241,72.8333,8.575
2013-01-29,2.0102,62.625,9.3208
2013-01-28,2.2927,55.2083,7.5667
2013-01-27,2.4109,64.1667,5.7083
2013-01-26,2.359,57.8333,4.925
2013-01-25,2.5911,76.375,5.2458
2013-01-24,3.0808,90.6667,8.8042
2013-01-23,2.8091,82.9583,5.35
2013-01-22,2.789,73.5,5.3565
2013-01-21,2.6296,78.2917,6.0625
2013-01-20,2.2719,83.4583,8.1833
2013-01-19,2.3873,44.2083,15.1125
2013-01-18,3.0585,51.1667,14.0792
2013-01-17,2.8395,60.3333,5.2083
2013-01-16,2.6778,50.5417,12.4958
2013-01-15,2.6666,79.2083,8.2917
2013-01-14,2.3403,79.7083,5.975
2013-01-13,2.1712,74.5833,8.7
2013-01-12,2.256,80.8333,5
2013-01-11,2.7071,83.875,11.5292
2013-01-10,2.1117,69.4583,13.125
2013-01-09,2.6908,44.2083,8.7083
2013-01-08,2.6833,58.4583,6.4087
2013-01-07,2.6338,47.2917,14.2583
2013-01-06,2.8399,58.7083,6.7333
2013-01-05,2.4945,53.3333,9.925
2013-01-04,2.4249,44.75,11.8208
2013-01-03,2.54,56.4167,9.3875
2013-01-02,2.3151,55.7917,8.1167
2013-01-01,2.3168,,